{"parameters/ent_emb.weight": {"_type": "histogram", "values": [15656.0, 9889.0, 5554.0, 4575.0, 4131.0, 4034.0, 3986.0, 3924.0, 4009.0, 4191.0, 4617.0, 5477.0, 7618.0, 178667.0, 20575.0, 8022.0, 7225.0, 7728.0, 8819.0, 10743.0, 13789.0, 20010.0, 33075.0, 55665.0, 94625.0, 150796.0, 193789.0, 226159.0, 265125.0, 308923.0, 538665.0, 21779776.0, 7553294.0, 540940.0, 311931.0, 267831.0, 228662.0, 194756.0, 153459.0, 99236.0, 60547.0, 35181.0, 20723.0, 13847.0, 10578.0, 8694.0, 7599.0, 7037.0, 7818.0, 19889.0, 173715.0, 7520.0, 5209.0, 4610.0, 4165.0, 3934.0, 3820.0, 3955.0, 4024.0, 4107.0, 4568.0, 5668.0, 9647.0, 15450.0], "bins": [-1.00230872631073, -0.9709856510162354, -0.939662516117096, -0.9083394408226013, -0.8770163059234619, -0.8456932306289673, -0.8143701553344727, -0.783047080039978, -0.7517239451408386, -0.720400869846344, -0.6890777349472046, -0.65775465965271, -0.6264315843582153, -0.5951084494590759, -0.5637853741645813, -0.5324622392654419, -0.5011391639709473, -0.46981605887413025, -0.43849295377731323, -0.4071698784828186, -0.3758467733860016, -0.34452366828918457, -0.31320059299468994, -0.2818774878978729, -0.2505543828010559, -0.2192312777042389, -0.18790818750858307, -0.15658509731292725, -0.12526199221611023, -0.09393888711929321, -0.06261579692363739, -0.03129270672798157, 3.0517578125e-05, 0.03135361522436142, 0.06267671287059784, 0.09399981051683426, 0.12532290816307068, 0.1566460132598877, 0.18796910345554352, 0.21929219365119934, 0.25061529874801636, 0.2819384038448334, 0.3132615089416504, 0.344584584236145, 0.37590768933296204, 0.40723079442977905, 0.4385538697242737, 0.4698769748210907, 0.5012000799179077, 0.5325231552124023, 0.5638462901115417, 0.5951693654060364, 0.6264925003051758, 0.6578155755996704, 0.689138650894165, 0.7204617261886597, 0.7517848610877991, 0.7831079363822937, 0.8144310712814331, 0.8457541465759277, 0.8770772218704224, 0.9084003567695618, 0.9397234320640564, 0.9710465669631958, 1.0023696422576904]}, "_timestamp": 1679329982.0924172, "parameters/rel_emb.weight": {"_type": "histogram", "values": [2.0, 0.0, 1.0, 2.0, 6.0, 7.0, 5.0, 3.0, 11.0, 5.0, 2.0, 10.0, 9.0, 15.0, 14.0, 8.0, 11.0, 8.0, 7.0, 17.0, 12.0, 14.0, 11.0, 6.0, 4.0, 15.0, 10.0, 7.0, 8.0, 5.0, 7.0, 4.0, 3.0, 7.0, 5.0, 8.0, 7.0, 10.0, 6.0, 8.0, 6.0, 13.0, 15.0, 10.0, 13.0, 11.0, 9.0, 10.0, 3.0, 6.0, 10.0, 12.0, 8.0, 12.0, 16.0, 17.0, 7.0, 7.0, 6.0, 5.0, 0.0, 0.0, 1.0, 3.0], "bins": [-0.45955562591552734, -0.44513851404190063, -0.4307214021682739, -0.4163042902946472, -0.4018871784210205, -0.3874700665473938, -0.3730529546737671, -0.3586358428001404, -0.34421873092651367, -0.32980161905288696, -0.31538450717926025, -0.30096739530563354, -0.28655028343200684, -0.2721331715583801, -0.2577160596847534, -0.2432989627122879, -0.2288818657398224, -0.21446475386619568, -0.20004764199256897, -0.18563053011894226, -0.17121341824531555, -0.15679630637168884, -0.14237920939922333, -0.12796209752559662, -0.11354498565196991, -0.0991278737783432, -0.08471076190471649, -0.07029365748167038, -0.05587654560804367, -0.04145943373441696, -0.02704232931137085, -0.01262521743774414, 0.0017918944358825684, 0.016209004446864128, 0.030626114457845688, 0.0450432226061821, 0.05946033447980881, 0.07387744635343552, 0.08829455077648163, 0.10271166265010834, 0.11712877452373505, 0.13154588639736176, 0.14596299827098846, 0.16038009524345398, 0.1747972071170807, 0.1892143189907074, 0.2036314308643341, 0.21804854273796082, 0.23246565461158752, 0.24688276648521423, 0.26129987835884094, 0.27571699023246765, 0.29013410210609436, 0.30455121397972107, 0.3189682960510254, 0.3333854079246521, 0.3478025197982788, 0.3622196316719055, 0.3766367435455322, 0.39105385541915894, 0.40547096729278564, 0.41988807916641235, 0.43430519104003906, 0.44872230291366577, 0.4631394147872925]}, "gradients/rel_emb.weight": {"_type": "histogram", "values": [3.0, 0.0, 0.0, 0.0, 0.0, 0.0, 0.0, 0.0, 0.0, 0.0, 0.0, 0.0, 0.0, 0.0, 0.0, 0.0, 20.0, 0.0, 0.0, 0.0, 0.0, 0.0, 0.0, 0.0, 0.0, 0.0, 0.0, 0.0, 0.0, 0.0, 0.0, 0.0, 455.0, 0.0, 0.0, 0.0, 0.0, 0.0, 0.0, 0.0, 0.0, 0.0, 0.0, 0.0, 0.0, 0.0, 0.0, 0.0, 20.0, 0.0, 0.0, 0.0, 0.0, 0.0, 0.0, 0.0, 0.0, 0.0, 0.0, 0.0, 0.0, 0.0, 0.0, 2.0], "bins": [-4.0, -3.875, -3.75, -3.625, -3.5, -3.375, -3.25, -3.125, -3.0, -2.875, -2.75, -2.625, -2.5, -2.375, -2.25, -2.125, -2.0, -1.875, -1.75, -1.625, -1.5, -1.375, -1.25, -1.125, -1.0, -0.875, -0.75, -0.625, -0.5, -0.375, -0.25, -0.125, 0.0, 0.125, 0.25, 0.375, 0.5, 0.625, 0.75, 0.875, 1.0, 1.125, 1.25, 1.375, 1.5, 1.625, 1.75, 1.875, 2.0, 2.125, 2.25, 2.375, 2.5, 2.625, 2.75, 2.875, 3.0, 3.125, 3.25, 3.375, 3.5, 3.625, 3.75, 3.875, 4.0]}, "gradients/ent_emb.weight": {"_type": "histogram", "values": [1.0, 0.0, 0.0, 1.0, 16.0, 3.0, 0.0, 0.0, 0.0, 0.0, 0.0, 0.0, 0.0, 0.0, 5.0, 0.0, 0.0, 0.0, 1.0, 0.0, 0.0, 0.0, 0.0, 0.0, 0.0, 0.0, 0.0, 8.0, 479.0, 174.0, 78.0, 33790640.0, 85.0, 205.0, 96.0, 426.0, 2.0, 0.0, 0.0, 0.0, 0.0, 0.0, 0.0, 1.0, 0.0, 0.0, 0.0, 0.0, 3.0, 1.0, 0.0, 0.0, 0.0, 1.0, 1.0, 1.0, 0.0, 3.0, 17.0, 0.0, 0.0, 0.0, 3.0, 1.0], "bins": [-16.737668991088867, -16.211591720581055, -15.685515403747559, -15.159439086914062, -14.63336181640625, -14.107284545898438, -13.581208229064941, -13.055131912231445, -12.529054641723633, -12.00297737121582, -11.476901054382324, -10.950824737548828, -10.424747467041016, -9.898670196533203, -9.372593879699707, -8.846517562866211, -8.320440292358398, -7.794363498687744, -7.26828670501709, -6.7422099113464355, -6.216133117675781, -5.690056324005127, -5.163979530334473, -4.637902736663818, -4.111825942993164, -3.5857491493225098, -3.0596723556518555, -2.533595561981201, -2.007518768310547, -1.4814419746398926, -0.9553651809692383, -0.429288387298584, 0.09678840637207031, 0.6228652000427246, 1.148941993713379, 1.6750187873840332, 2.2010955810546875, 2.727172374725342, 3.253249168395996, 3.7793259620666504, 4.305402755737305, 4.831479549407959, 5.357556343078613, 5.883633136749268, 6.409709930419922, 6.935786724090576, 7.4618635177612305, 7.987940311431885, 8.514017105102539, 9.040094375610352, 9.566170692443848, 10.092247009277344, 10.618324279785156, 11.144401550292969, 11.670477867126465, 12.196554183959961, 12.722631454467773, 13.248708724975586, 13.774785041809082, 14.300861358642578, 14.82693862915039, 15.353015899658203, 15.8790922164917, 16.405168533325195, 16.931245803833008]}, "loss": 10.961434925844433, "_runtime": 1478.6797592639923, "_step": 31, "Hit@1": 0.3853124976158142, "Hit@2": 0.5098766088485718, "Hit@3": 0.8151103854179382, "Hit@4": 0.9089064598083496, "Hit@5": 0.951132595539093, "Hit@6": 0.973741888999939, "Hit@7": 0.9862997531890869, "Hit@8": 0.9935036897659302, "Hit@9": 0.9975191354751587, "Hit@10": 1.0, "Mean Rank": 2.4785971641540527, "MRR": 0, "_wandb": {"runtime": 1479}}